Year,Age 9 ,Age 13
1971,207.582618,255.1867238
1975,210.0421869,255.936907
1980,215.0365499,258.4702165
1984,210.887552,257.1174741
1988,211.8483574,257.4700194
1990,209.1624224,256.7743513
1992,210.523521,259.7948922
1994,211.020254,257.876678
1996,212.4532765,257.9235756
1999,211.7475081,259.4207302
20041,218.6750779,258.6886018
20042,215.6526044,256.7275009
2008,220.0646875,259.6663227
2012,220.7594565,262.8017915
2020,219.6761382,260.0739959