Year,Age 9 ,Age 13
1978,218.5978412,264.1268519
1982,218.9797568,268.6251831
1986,221.7069162,268.982883
1990,229.636073,270.4017522
1992,229.5994114,273.0747133
1994,231.0849694,274.3320454
1996,230.9677491,274.2983611
1999,232.0114403,275.8494107
20041,241.2319834,281.0027313
20042,239.350352,278.7735003
2008,242.86219,281.4577705
2012,243.9860905,284.9991169
2020,241.354943,279.7207243