Category,2002,2020,Growth_pct,Growth_diff
Total Revenue,12851.589720359849,16062.11,0.24981503063033172,3210.520279640152
Total Benefits,1907.1058573747227,3405.99,0.7859470080431747,1498.884142625277
Enrollment,47168335,48008047,0.017802451581129697,839712
Total Staff,5904195,6683301.56,0.1319581348515757,779106.5599999996
Non-Teachers,2904667,3485131.9299999997,0.19983871817320176,580464.9299999997
Teachers,2999528,3198169.63,0.06622429595589696,198641.6299999999
Salary Adj,64522.2728873672,64133,-0.006033155218303166,-389.2728873672022
